2004-12-31T22:00:00,196119,1.356,1.35815,1.302475,1.3054
2005-01-07T22:00:00,191466,1.3052,1.32935,1.3049,1.3111
2005-01-14T22:00:00,179456,1.3106,1.312805,1.291975,1.3039
2005-01-21T22:00:00,181151,1.3037,1.312375,1.294375,1.3037
2005-01-28T22:00:00,169760,1.3029,1.309375,1.2865,1.2869
2005-02-04T22:00:00,161350,1.2868,1.290505,1.273325,1.2866
2005-02-11T22:00:00,162712,1.2866,1.308835,1.2866,1.3072
2005-02-18T22:00:00,158391,1.3068,1.327315,1.303225,1.32453
2005-02-25T22:00:00,162002,1.32453,1.327905,1.308935,1.3236
2005-03-04T22:00:00,162030,1.3236,1.348055,1.318035,1.3457
2005-03-11T22:00:00,161616,1.34625,1.3478,1.326525,1.3325
2005-03-18T22:00:00,140356,1.33275,1.33275,1.292955,1.29575
2005-03-25T22:00:00,155665,1.2952,1.30582,1.285805,1.2913
2005-04-01T22:00:00,165039,1.29085,1.293925,1.280125,1.2933
2005-04-08T21:00:00,169357,1.2933,1.30157,1.276665,1.2922
2005-04-15T21:00:00,173604,1.29105,1.312505,1.287765,1.3065
2005-04-22T21:00:00,173893,1.3064,1.30775,1.285405,1.2872
2005-04-29T21:00:00,140788,1.2868,1.298925,1.281105,1.2819
2005-05-06T21:00:00,143994,1.2819,1.291225,1.261005,1.2633
2005-05-13T21:00:00,146012,1.2633,1.269105,1.253605,1.2559
2005-05-20T21:00:00,158393,1.2557,1.262725,1.249605,1.2585
2005-05-27T21:00:00,152326,1.2584,1.2585,1.216105,1.2236
2005-06-03T21:00:00,167753,1.2236,1.235255,1.210805,1.2119
2005-06-10T21:00:00,186194,1.2118,1.2289,1.201725,1.2286
2005-06-17T21:00:00,186968,1.228,1.2285,1.198305,1.2091
2005-06-24T21:00:00,198491,1.209,1.218575,1.1939,1.1958
2005-07-01T21:00:00,170457,1.1957,1.204225,1.186925,1.1966
2005-07-08T21:00:00,199442,1.1968,1.225505,1.1958,1.2035
2005-07-15T21:00:00,192403,1.2035,1.2255,1.195375,1.2065
2005-07-22T21:00:00,184494,1.2068,1.216005,1.1965,1.2122
2005-07-29T21:00:00,198618,1.2124,1.240275,1.2119,1.2359
2005-08-05T21:00:00,196180,1.2359,1.248655,1.2316,1.2443
2005-08-12T21:00:00,174006,1.2441,1.2463,1.212575,1.2153
2005-08-19T21:00:00,175535,1.2153,1.234235,1.2153,1.22897
2005-08-26T21:00:00,178787,1.22927,1.258925,1.217175,1.2531
2005-09-02T21:00:00,180142,1.2531,1.258455,1.237655,1.2409
2005-09-09T21:00:00,185065,1.2406,1.2426,1.21935,1.2237
2005-09-16T21:00:00,189898,1.2237,1.226905,1.2039,1.2039
2005-09-23T21:00:00,191696,1.2039,1.209025,1.197955,1.2027
2005-09-30T21:00:00,180643,1.2027,1.220375,1.190205,1.2128
2005-10-07T21:00:00,183571,1.2129,1.215325,1.191475,1.2075
2005-10-14T21:00:00,188122,1.2074,1.2121,1.187565,1.1953
2005-10-21T21:00:00,186312,1.1953,1.217315,1.19235,1.207
2005-10-28T21:00:00,182354,1.20689,1.208925,1.18035,1.18125
2005-11-04T22:00:00,180056,1.18115,1.197755,1.167105,1.1734
2005-11-11T22:00:00,187977,1.1734,1.179525,1.164025,1.1774
2005-11-18T22:00:00,162145,1.1774,1.186605,1.168585,1.1724
2005-11-25T22:00:00,173875,1.1707,1.190205,1.166075,1.1718
2005-12-02T22:00:00,173109,1.1718,1.184875,1.168925,1.1812
2005-12-09T22:00:00,186207,1.1812,1.20615,1.1777,1.2013
2005-12-16T22:00:00,158270,1.2013,1.2039,1.18011,1.1868
2005-12-23T22:00:00,140317,1.1868,1.19321,1.17785,1.1848
2005-12-30T22:00:00,149226,1.185,1.21808,1.18015,1.2152
2006-01-06T22:00:00,171537,1.2152,1.216325,1.20072,1.2143
2006-01-13T22:00:00,71525,1.213,1.2175,1.204075,1.2134
2006-01-20T22:00:00,62515,1.2134,1.232325,1.208755,1.2094
2006-01-27T22:00:00,53080,1.2103,1.218805,1.19685,1.2024
2006-02-03T22:00:00,49309,1.2024,1.2047,1.189365,1.1906
2006-02-10T22:00:00,46478,1.1902,1.19542,1.185025,1.1939
2006-02-17T22:00:00,43130,1.1939,1.1974,1.18622,1.18768
2006-02-24T22:00:00,49816,1.18781,1.205275,1.1827,1.2045
2006-03-03T22:00:00,50087,1.2044,1.2094,1.186135,1.1909
2006-03-10T22:00:00,51390,1.1909,1.220655,1.1907,1.2191
2006-03-17T22:00:00,51025,1.2195,1.219625,1.195175,1.2034
2006-03-24T22:00:00,52035,1.2036,1.217505,1.198075,1.2118
2006-03-31T22:00:00,61342,1.2117,1.233195,1.203425,1.2093
2006-04-07T21:00:00,41501,1.2095,1.216905,1.206675,1.211
2006-04-14T21:00:00,55662,1.2112,1.239405,1.2112,1.234
2006-04-21T21:00:00,57235,1.2344,1.2641,1.233415,1.2634
2006-04-28T21:00:00,57161,1.263,1.2766,1.2557,1.27272
2006-05-05T21:00:00,81511,1.2725,1.295785,1.266215,1.29275
2006-05-12T21:00:00,105639,1.29285,1.29697,1.269435,1.2778
2006-05-19T21:00:00,99708,1.2777,1.289085,1.269455,1.27379
2006-05-26T21:00:00,84788,1.27359,1.29404,1.27179,1.29177
2006-06-02T21:00:00,86340,1.29187,1.297905,1.259675,1.26387
2006-06-09T21:00:00,80957,1.26387,1.267195,1.253085,1.26425
2006-06-16T21:00:00,68664,1.26455,1.267885,1.247895,1.25065
2006-06-23T21:00:00,76344,1.2504,1.27943,1.2504,1.2791
2006-06-30T21:00:00,67626,1.2789,1.286755,1.270775,1.28105
2006-07-07T21:00:00,69156,1.28105,1.28214,1.26266,1.26515
2006-07-14T21:00:00,73589,1.26495,1.26965,1.245765,1.2695
2006-07-21T21:00:00,73378,1.2695,1.277155,1.255905,1.27585
2006-07-28T21:00:00,71905,1.2759,1.29085,1.272105,1.28745
2006-08-04T21:00:00,70843,1.288,1.291285,1.271675,1.27193
2006-08-11T21:00:00,60733,1.27188,1.288755,1.269455,1.28245
2006-08-18T21:00:00,65124,1.28245,1.293805,1.272675,1.27525
2006-08-25T21:00:00,63530,1.2762,1.287985,1.275125,1.2834
2006-09-01T21:00:00,62605,1.2836,1.287405,1.265205,1.26732
2006-09-08T21:00:00,64224,1.26752,1.27527,1.26316,1.2664
2006-09-15T21:00:00,65836,1.2658,1.283045,1.26305,1.2784
2006-09-22T21:00:00,80978,1.27835,1.281955,1.263945,1.26735
2006-09-29T21:00:00,59521,1.26745,1.27872,1.257305,1.26009
2006-10-06T21:00:00,87644,1.26009,1.261435,1.248305,1.25135
2006-10-13T21:00:00,65484,1.25125,1.264155,1.248995,1.26179
2006-10-20T21:00:00,73263,1.26184,1.275005,1.252525,1.27409
2006-10-27T21:00:00,70774,1.27385,1.279905,1.267905,1.27175
2006-11-03T22:00:00,64309,1.27165,1.290075,1.269025,1.28406
2006-11-10T22:00:00,86633,1.28446,1.287805,1.276305,1.28275
2006-11-17T22:00:00,66801,1.28275,1.310995,1.279885,1.3094
2006-11-24T22:00:00,111588,1.30925,1.334775,1.308565,1.33385
2006-12-01T22:00:00,106465,1.33335,1.3367,1.31926,1.32025
2006-12-08T22:00:00,128907,1.32005,1.329055,1.306055,1.30805
2006-12-15T22:00:00,139223,1.30805,1.3246,1.305295,1.3128
2006-12-22T22:00:00,86432,1.31103,1.32055,1.30905,1.31977
2006-12-29T22:00:00,120023,1.31977,1.329645,1.298195,1.30025
2007-01-05T22:00:00,128821,1.3007,1.30357,1.28666,1.29235
2007-01-12T22:00:00,137659,1.29296,1.300135,1.289695,1.29571
2007-01-19T22:00:00,155591,1.29591,1.304435,1.28719,1.2917
2007-01-26T22:00:00,139708,1.29172,1.30648,1.28996,1.29616
2007-02-02T22:00:00,123452,1.29636,1.30442,1.29139,1.30085
2007-02-09T22:00:00,135167,1.30085,1.31728,1.29417,1.31382
2007-02-16T22:00:00,88236,1.31365,1.31896,1.30812,1.31665
2007-02-23T22:00:00,96804,1.31685,1.3259,1.31436,1.3192
2007-03-02T22:00:00,119641,1.31925,1.32125,1.30725,1.31155
2007-03-09T22:00:00,76471,1.31525,1.33397,1.3109,1.33179
2007-03-16T21:00:00,70842,1.33179,1.34112,1.32717,1.32835
2007-03-23T21:00:00,115053,1.32855,1.33994,1.32541,1.33545
2007-03-30T21:00:00,87813,1.33645,1.34405,1.33197,1.33775
2007-04-06T21:00:00,93093,1.33795,1.35538,1.334075,1.35275
2007-04-13T21:00:00,102935,1.35532,1.36377,1.35258,1.35903
2007-04-20T21:00:00,105721,1.35907,1.36808,1.3542,1.36522
2007-04-27T21:00:00,122929,1.36525,1.36782,1.35359,1.3591
2007-05-04T21:00:00,121383,1.35945,1.36277,1.34615,1.35245
2007-05-11T21:00:00,117074,1.35385,1.36092,1.34652,1.35084
2007-05-18T21:00:00,121398,1.35105,1.3531,1.341,1.34414
2007-05-25T21:00:00,104783,1.34404,1.35212,1.33919,1.34509
2007-06-01T21:00:00,80535,1.34509,1.35542,1.33204,1.33734
2007-06-08T21:00:00,85480,1.33745,1.33894,1.32638,1.33887
2007-06-15T21:00:00,90830,1.33855,1.347,1.33728,1.3469
2007-06-22T21:00:00,76054,1.34695,1.35415,1.34157,1.3541
2007-06-29T21:00:00,68287,1.35415,1.36591,1.35288,1.36278
2007-07-06T21:00:00,77649,1.36328,1.38133,1.35943,1.37835
2007-07-13T21:00:00,71812,1.3788,1.38437,1.37528,1.38272
2007-07-20T21:00:00,106674,1.38325,1.38522,1.36272,1.36352
2007-07-27T21:00:00,122739,1.3635,1.38189,1.36093,1.37735
2007-08-03T21:00:00,117565,1.37735,1.38405,1.36419,1.36939
2007-08-10T21:00:00,158229,1.36932,1.37087,1.33612,1.34745
2007-08-17T21:00:00,96594,1.3481,1.36817,1.34512,1.36754
2007-08-24T21:00:00,84807,1.36769,1.37196,1.3563,1.36295
2007-08-31T21:00:00,84817,1.36335,1.3799,1.35517,1.3768
2007-09-07T21:00:00,96782,1.37755,1.39275,1.37666,1.38745
2007-09-14T21:00:00,97376,1.38795,1.412045,1.382865,1.4091
2007-09-21T21:00:00,92105,1.4088,1.427865,1.406155,1.4267
2007-09-28T21:00:00,85100,1.4273,1.42815,1.40322,1.41353
2007-10-05T21:00:00,96717,1.41353,1.424125,1.401515,1.41787
2007-10-12T21:00:00,104657,1.41884,1.431965,1.414475,1.43011
2007-10-19T21:00:00,141210,1.431,1.43944,1.412655,1.43929
2007-10-26T21:00:00,102885,1.43979,1.452835,1.437485,1.45043
2007-11-02T21:00:00,127132,1.45067,1.475265,1.444345,1.46783
2007-11-09T22:00:00,152997,1.46753,1.472535,1.452055,1.46622
2007-11-16T22:00:00,157444,1.466225,1.496825,1.462175,1.48375
2007-11-23T22:00:00,170513,1.4823,1.490825,1.46285,1.46335
2007-11-30T22:00:00,147061,1.46375,1.477095,1.452775,1.46578
2007-12-07T22:00:00,147742,1.46542,1.475035,1.441175,1.44297
2007-12-14T22:00:00,135960,1.44067,1.445345,1.431055,1.4382
2007-12-21T22:00:00,69477,1.43735,1.4728,1.43665,1.47233
2007-12-28T22:00:00,119177,1.47235,1.482545,1.45715,1.47429
2008-01-04T22:00:00,166896,1.47451,1.481945,1.463945,1.47767
2008-01-11T22:00:00,167080,1.47842,1.492245,1.458955,1.46212
2008-01-18T22:00:00,198219,1.46204,1.477935,1.436635,1.46813
2008-01-25T22:00:00,184272,1.46824,1.49534,1.466125,1.48025
2008-02-01T22:00:00,192922,1.48085,1.484915,1.443925,1.45056
2008-02-08T22:00:00,161045,1.4506,1.470985,1.448185,1.4682
2008-02-15T22:00:00,145606,1.46777,1.486355,1.461125,1.48267
2008-02-22T22:00:00,174680,1.48282,1.523905,1.477775,1.51786
2008-02-29T22:00:00,147897,1.51862,1.54625,1.514585,1.53557
2008-03-07T22:00:00,202731,1.53507,1.56878,1.528295,1.56737
2008-03-14T21:00:00,201157,1.56702,1.5905,1.539675,1.54339
2008-03-21T21:00:00,184793,1.54395,1.585935,1.53415,1.57946
2008-03-28T21:00:00,206683,1.5793,1.589695,1.551075,1.57375
2008-04-04T21:00:00,172310,1.57357,1.591315,1.56276,1.58073
2008-04-11T21:00:00,188068,1.58055,1.598445,1.56545,1.58172
2008-04-18T21:00:00,182837,1.58174,1.601945,1.555565,1.56302
2008-04-25T21:00:00,171508,1.5627,1.569325,1.53608,1.5424
2008-05-02T21:00:00,153931,1.54175,1.559425,1.528515,1.54829
2008-05-09T21:00:00,172731,1.54859,1.56011,1.53658,1.55767
2008-05-16T21:00:00,168786,1.5583,1.581365,1.548605,1.57621
2008-05-23T21:00:00,149026,1.57614,1.581805,1.546215,1.55539
2008-05-30T21:00:00,176370,1.55555,1.57781,1.536545,1.57777
2008-06-06T21:00:00,195214,1.57802,1.584325,1.530385,1.53798
2008-06-13T21:00:00,187253,1.53812,1.565125,1.534605,1.56069
2008-06-20T21:00:00,178178,1.56078,1.57943,1.546875,1.57943
2008-06-27T21:00:00,159951,1.57896,1.590955,1.56555,1.57094
2008-07-04T21:00:00,206036,1.57027,1.59474,1.561165,1.59383
2008-07-11T21:00:00,212155,1.59374,1.603885,1.578405,1.58477
2008-07-18T21:00:00,202303,1.58477,1.594525,1.562885,1.57095
2008-07-25T21:00:00,204622,1.5703,1.576815,1.551485,1.55634
2008-08-01T21:00:00,244056,1.55639,1.563115,1.499775,1.50052
2008-08-08T21:00:00,259926,1.50102,1.508405,1.465915,1.46857
2008-08-15T21:00:00,205740,1.46826,1.490845,1.463045,1.47931
2008-08-22T21:00:00,211215,1.4783,1.481135,1.457175,1.46735
2008-08-29T21:00:00,219826,1.46955,1.4723,1.419615,1.4268
2008-09-05T21:00:00,266500,1.42717,1.44295,1.38829,1.4226
2008-09-12T21:00:00,320827,1.42285,1.45417,1.4072,1.44673
2008-09-19T21:00:00,268803,1.44662,1.486625,1.4437,1.46121
2008-09-26T21:00:00,308787,1.46077,1.46355,1.370195,1.3773
2008-10-03T21:00:00,358867,1.37745,1.378525,1.32581,1.34052
2008-10-10T21:00:00,434256,1.34052,1.37696,1.33454,1.34108
2008-10-17T21:00:00,675775,1.34108,1.35301,1.249705,1.26235
2008-10-24T21:00:00,727671,1.26162,1.32982,1.23298,1.27238
2008-10-31T21:00:00,599443,1.27242,1.31165,1.25275,1.27184
2008-11-07T22:00:00,682058,1.27159,1.292705,1.23888,1.26047
2008-11-14T22:00:00,608681,1.25951,1.281455,1.24217,1.25873
2008-11-21T22:00:00,544182,1.25873,1.308185,1.256845,1.26909
2008-11-28T22:00:00,568737,1.26909,1.28488,1.254945,1.27162
2008-12-05T22:00:00,543673,1.27188,1.341525,1.27155,1.33674
2008-12-12T22:00:00,574044,1.33674,1.472035,1.3353,1.39128
2008-12-19T22:00:00,221389,1.39108,1.41248,1.390155,1.40303
2008-12-26T22:00:00,295762,1.40299,1.436355,1.383975,1.39211
2009-01-02T22:00:00,488406,1.39181,1.3963,1.33119,1.34767
2009-01-09T22:00:00,496967,1.34757,1.3487,1.302615,1.32667
2009-01-16T22:00:00,479625,1.32719,1.33865,1.276655,1.29879
2009-01-23T22:00:00,483731,1.29718,1.33305,1.27633,1.28127
2009-01-30T22:00:00,461142,1.28105,1.30698,1.270405,1.29402
2009-02-06T22:00:00,442847,1.29401,1.309395,1.272145,1.28624
2009-02-13T22:00:00,431661,1.28623,1.288395,1.25134,1.28264
2009-02-20T22:00:00,462982,1.28225,1.2992,1.26047,1.26686
2009-02-27T22:00:00,447893,1.26716,1.275445,1.245625,1.26544
2009-03-06T22:00:00,382558,1.26568,1.295755,1.255615,1.29294
2009-03-13T21:00:00,478886,1.29294,1.3739,1.2837,1.35815
2009-03-20T21:00:00,476581,1.35816,1.37359,1.32576,1.3288
2009-03-27T21:00:00,392873,1.32895,1.3517,1.31131,1.34845
2009-04-03T21:00:00,334274,1.3494,1.35825,1.30925,1.31855
2009-04-10T21:00:00,347699,1.31833,1.33919,1.301785,1.30447
2009-04-17T21:00:00,343075,1.30446,1.3301,1.28854,1.3242
2009-04-24T21:00:00,386041,1.32402,1.338565,1.29649,1.32745
2009-05-01T21:00:00,472515,1.32705,1.36508,1.32125,1.36333
2009-05-08T21:00:00,457441,1.36346,1.372225,1.34614,1.34953
2009-05-15T21:00:00,417589,1.34925,1.40509,1.342355,1.39982
2009-05-22T21:00:00,333755,1.40034,1.41692,1.379285,1.41575
2009-05-29T21:00:00,425507,1.41485,1.433865,1.39327,1.39683
2009-06-05T21:00:00,379729,1.39706,1.41778,1.380585,1.40165
2009-06-12T21:00:00,349138,1.40105,1.40336,1.374815,1.39365
2009-06-19T21:00:00,319341,1.39385,1.413835,1.382675,1.40555
2009-06-26T21:00:00,260000,1.4057,1.42012,1.392845,1.39801
2009-07-03T21:00:00,277558,1.39796,1.40731,1.383275,1.39368
2009-07-10T21:00:00,272251,1.39341,1.416615,1.38979,1.41015
2009-07-17T21:00:00,249924,1.4099,1.429135,1.4096,1.42021
2009-07-24T21:00:00,254060,1.42082,1.430455,1.400785,1.42571
2009-07-31T21:00:00,289807,1.42708,1.444765,1.415445,1.41795
2009-08-07T21:00:00,251511,1.41838,1.432775,1.408745,1.42028
2009-08-14T21:00:00,245792,1.4203,1.43764,1.404565,1.4326
2009-08-21T21:00:00,230307,1.43288,1.44066,1.420715,1.43029
2009-08-28T21:00:00,233941,1.43134,1.437825,1.417785,1.4296
2009-09-04T21:00:00,238271,1.42935,1.463525,1.42907,1.45709
2009-09-11T21:00:00,254752,1.45783,1.47672,1.45162,1.47111
2009-09-18T21:00:00,270629,1.4705,1.48446,1.461195,1.46893
2009-09-25T21:00:00,334329,1.46986,1.47206,1.44808,1.45761
2009-10-02T21:00:00,295288,1.45764,1.481775,1.45763,1.4732
2009-10-09T21:00:00,274510,1.47314,1.496775,1.467685,1.4905
2009-10-16T21:00:00,279043,1.4907,1.505955,1.48285,1.50082
2009-10-23T21:00:00,299493,1.50027,1.50634,1.468345,1.47193
2009-10-30T21:00:00,288316,1.47157,1.4918,1.462675,1.48474
2009-11-06T22:00:00,221273,1.48477,1.504835,1.482145,1.49026
2009-11-13T22:00:00,229155,1.49026,1.501545,1.480135,1.48616
2009-11-20T22:00:00,242290,1.48619,1.514405,1.48286,1.49888
2009-11-27T22:00:00,224305,1.49891,1.514115,1.482185,1.48578
2009-12-04T22:00:00,246848,1.4858,1.49048,1.458595,1.4615
2009-12-11T22:00:00,231963,1.46148,1.46854,1.426125,1.43376
2009-12-18T22:00:00,111250,1.43381,1.441835,1.42173,1.4388
2009-12-25T22:00:00,97424,1.4358,1.445815,1.427395,1.4312
2010-01-01T22:00:00,222906,1.4312,1.44839,1.42576,1.44055
2010-01-08T22:00:00,240803,1.43998,1.457915,1.43368,1.43863
2010-01-15T22:00:00,241643,1.43842,1.441425,1.402925,1.41362
2010-01-22T22:00:00,258772,1.41364,1.419415,1.38623,1.38624
2010-01-29T22:00:00,257501,1.38624,1.402645,1.358575,1.3679
2010-02-05T22:00:00,293645,1.3679,1.383915,1.353185,1.36318
2010-02-12T22:00:00,232309,1.36333,1.378835,1.344375,1.36124
2010-02-19T22:00:00,261509,1.36145,1.369205,1.34522,1.36318
2010-02-26T22:00:00,272262,1.36323,1.373615,1.343465,1.3625
2010-03-05T22:00:00,207174,1.36255,1.379615,1.353785,1.37686
2010-03-12T22:00:00,199767,1.37689,1.381815,1.350295,1.35293
2010-03-19T21:00:00,234396,1.35225,1.356915,1.32666,1.34099
2010-03-26T21:00:00,185351,1.34077,1.35911,1.338475,1.35039
2010-04-02T21:00:00,175895,1.35037,1.35377,1.328265,1.34991
2010-04-09T21:00:00,226421,1.34995,1.369195,1.347255,1.35028
2010-04-16T21:00:00,221530,1.35015,1.352545,1.3202,1.33842
2010-04-23T21:00:00,273684,1.33858,1.34162,1.31144,1.32945
2010-04-30T21:00:00,411127,1.329,1.33591,1.25157,1.27528
2010-05-07T21:00:00,430923,1.27532,1.30942,1.23542,1.23585
2010-05-14T21:00:00,528044,1.23589,1.26727,1.21445,1.25717
2010-05-21T21:00:00,420871,1.25708,1.25862,1.21541,1.22731
2010-05-28T21:00:00,347041,1.22688,1.235405,1.195615,1.19673
2010-06-04T21:00:00,337344,1.1967,1.215245,1.18765,1.21123
2010-06-11T21:00:00,264717,1.21118,1.241645,1.21079,1.23885
2010-06-18T21:00:00,265074,1.23875,1.24849,1.220915,1.23694
2010-06-25T21:00:00,278980,1.23744,1.261125,1.215155,1.2566
2010-07-02T21:00:00,222901,1.2566,1.272225,1.248035,1.26409
2010-07-09T21:00:00,228461,1.26402,1.300695,1.252265,1.292985
2010-07-16T21:00:00,246045,1.293045,1.302845,1.273295,1.29105
2010-07-23T21:00:00,243867,1.29101,1.310645,1.28576,1.30506
2010-07-30T21:00:00,197240,1.30521,1.33352,1.30492,1.32795
2010-08-06T21:00:00,237099,1.328,1.330755,1.27504,1.2754
2010-08-13T21:00:00,248152,1.27535,1.292225,1.266345,1.27115
2010-08-20T21:00:00,245864,1.27105,1.27792,1.258785,1.27631
2010-08-27T21:00:00,201254,1.27618,1.28975,1.262575,1.2896
2010-09-03T21:00:00,194149,1.28955,1.291855,1.264435,1.26797
2010-09-10T21:00:00,235753,1.26815,1.315865,1.26763,1.30495
2010-09-17T21:00:00,251719,1.30498,1.34952,1.302945,1.34913
2010-09-24T21:00:00,272090,1.34922,1.37924,1.338135,1.37916
2010-10-01T21:00:00,270105,1.3791,1.402945,1.363755,1.3941
2010-10-08T21:00:00,290514,1.3936,1.415915,1.377545,1.39772
2010-10-15T21:00:00,362879,1.39803,1.40503,1.369775,1.39535
2010-10-22T21:00:00,311583,1.3955,1.408005,1.373425,1.39467
2010-10-29T21:00:00,318755,1.39469,1.428225,1.386435,1.40323
2010-11-05T21:00:00,387662,1.40314,1.40859,1.35739,1.36908
2010-11-12T22:00:00,321935,1.36905,1.375085,1.344695,1.36725
2010-11-19T22:00:00,338366,1.36725,1.37863,1.32011,1.32417
2010-11-26T22:00:00,346660,1.32422,1.34388,1.29691,1.34149
2010-12-03T22:00:00,288224,1.34174,1.34462,1.31648,1.3226
2010-12-10T22:00:00,262956,1.32265,1.349835,1.31336,1.31879
2010-12-17T22:00:00,182212,1.31883,1.32019,1.305565,1.31215
2010-12-24T22:00:00,169163,1.31235,1.34242,1.307255,1.33836
2010-12-31T22:00:00,294959,1.33815,1.343395,1.29057,1.29073
2011-01-07T22:00:00,323659,1.29093,1.345715,1.28607,1.3388
2011-01-14T22:00:00,305823,1.33865,1.36255,1.324455,1.36213
2011-01-21T22:00:00,279779,1.36209,1.375865,1.354075,1.36111
2011-01-28T22:00:00,231026,1.36111,1.38616,1.35438,1.35813
2011-02-04T22:00:00,205960,1.35809,1.37443,1.34977,1.35574
2011-02-11T22:00:00,215645,1.35514,1.37151,1.34291,1.36931
2011-02-18T22:00:00,200731,1.36931,1.383805,1.352585,1.37536
2011-02-25T22:00:00,203108,1.37539,1.40071,1.37115,1.3987
2011-03-04T22:00:00,170259,1.3988,1.4036,1.375225,1.39029
2011-03-11T22:00:00,261663,1.39029,1.41842,1.38556,1.41819
2011-03-18T21:00:00,180054,1.41819,1.424845,1.405395,1.40882
2011-03-25T21:00:00,182497,1.40882,1.42455,1.402085,1.42339
2011-04-01T21:00:00,180629,1.42339,1.44882,1.41518,1.44836
2011-04-08T21:00:00,204121,1.4483,1.45204,1.43656,1.44303
2011-04-15T21:00:00,192940,1.44303,1.46485,1.41572,1.45672
2011-04-22T21:00:00,178282,1.45672,1.4882,1.449385,1.48074
2011-04-29T21:00:00,280098,1.48074,1.49402,1.43102,1.4314
2011-05-06T21:00:00,304893,1.4314,1.44423,1.406665,1.41184
2011-05-13T21:00:00,288558,1.41184,1.43456,1.404845,1.41561
2011-05-20T21:00:00,312490,1.41561,1.43242,1.396975,1.43175
2011-05-27T21:00:00,247599,1.43175,1.464255,1.42573,1.46353
2011-06-03T21:00:00,263110,1.46353,1.46963,1.43224,1.4347
2011-06-10T21:00:00,295687,1.4347,1.44971,1.407395,1.4313
2011-06-17T21:00:00,275884,1.4313,1.4442,1.41265,1.41878
2011-06-24T21:00:00,269029,1.41878,1.45519,1.41027,1.45253
2011-07-01T21:00:00,221683,1.45253,1.45779,1.42058,1.42642
2011-07-08T21:00:00,351537,1.42642,1.42983,1.38372,1.416
2011-07-15T21:00:00,281250,1.416,1.44373,1.40145,1.43598
2011-07-22T21:00:00,257894,1.43598,1.45361,1.42297,1.4396
2011-07-29T21:00:00,392739,1.4396,1.44537,1.40554,1.428
2011-08-05T21:00:00,474582,1.428,1.44334,1.410395,1.42485
2011-08-12T21:00:00,270541,1.42485,1.45174,1.42266,1.4396
2011-08-19T21:00:00,225422,1.4396,1.450185,1.43281,1.44989
2011-08-26T21:00:00,196904,1.44989,1.45487,1.41844,1.42057
2011-09-02T21:00:00,266980,1.42057,1.42838,1.36268,1.36531
2011-09-09T21:00:00,324409,1.36531,1.393695,1.34957,1.38013
2011-09-16T21:00:00,360728,1.38013,1.38013,1.33852,1.35002
2011-09-23T21:00:00,329691,1.35002,1.369015,1.33626,1.33875
2011-09-30T21:00:00,350871,1.33875,1.35249,1.31459,1.33771
2011-10-07T21:00:00,298111,1.33771,1.38941,1.33462,1.38813
2011-10-14T21:00:00,315661,1.38813,1.39143,1.36533,1.3895
2011-10-21T21:00:00,308052,1.3895,1.42473,1.379825,1.41495
2011-10-28T21:00:00,387748,1.41495,1.417165,1.36086,1.37893
2011-11-04T21:00:00,301758,1.37893,1.38589,1.3484,1.37516
2011-11-11T22:00:00,297438,1.37516,1.38137,1.34221,1.35255
2011-11-18T22:00:00,229407,1.35255,1.35687,1.32123,1.32425
2011-11-25T22:00:00,247803,1.32425,1.35486,1.32385,1.33939
2011-12-02T22:00:00,209282,1.33939,1.34862,1.328215,1.33874
2011-12-09T22:00:00,208031,1.33874,1.33874,1.294575,1.30435
2011-12-16T22:00:00,144274,1.3041,1.319845,1.29832,1.30432
2011-12-23T22:00:00,103780,1.30432,1.30831,1.28584,1.29619
2011-12-30T22:00:00,150666,1.29525,1.30766,1.26974,1.27194
2012-01-06T22:00:00,179081,1.27194,1.28783,1.262425,1.26811
2012-01-13T22:00:00,167252,1.26811,1.2986,1.262635,1.2932
2012-01-20T22:00:00,180711,1.2932,1.32342,1.28565,1.32198
2012-01-27T22:00:00,177259,1.32138,1.32334,1.30264,1.31577
2012-02-03T22:00:00,185285,1.31577,1.332185,1.30279,1.31971
2012-02-10T22:00:00,188356,1.31971,1.3284,1.29748,1.31396
2012-02-17T22:00:00,167240,1.31396,1.34865,1.31396,1.3449
2012-02-24T22:00:00,173805,1.3449,1.34856,1.31872,1.31983
2012-03-02T22:00:00,156054,1.31983,1.329125,1.30967,1.31237
2012-03-09T22:00:00,138096,1.31177,1.31915,1.300435,1.31755
2012-03-16T21:00:00,138230,1.31755,1.32936,1.3134,1.32697
2012-03-23T21:00:00,141300,1.32697,1.33855,1.31923,1.33424
2012-03-30T21:00:00,132725,1.33424,1.33803,1.30351,1.30964
2012-04-06T21:00:00,135593,1.30937,1.32127,1.30337,1.30774
2012-04-13T21:00:00,153505,1.30774,1.32279,1.299515,1.32192
2012-04-20T21:00:00,146289,1.32192,1.32702,1.31048,1.32551
2012-04-27T21:00:00,116635,1.32551,1.32838,1.30805,1.30837
2012-05-04T21:00:00,164855,1.30837,1.30837,1.290535,1.29169
2012-05-11T21:00:00,191355,1.29169,1.2935,1.26427,1.27815
2012-05-18T21:00:00,201316,1.27815,1.28243,1.24964,1.25194
2012-05-25T21:00:00,198755,1.25194,1.26244,1.228855,1.24346
2012-06-01T21:00:00,202390,1.24316,1.26254,1.238615,1.25168
2012-06-08T21:00:00,209691,1.25131,1.26714,1.24428,1.26383
2012-06-15T21:00:00,240406,1.26383,1.27477,1.25196,1.25698
2012-06-22T21:00:00,199897,1.25698,1.2693,1.24076,1.26643
2012-06-29T21:00:00,165046,1.26699,1.2681,1.22605,1.22865
2012-07-06T21:00:00,152788,1.22865,1.233385,1.21626,1.22493
2012-07-13T21:00:00,164205,1.22493,1.232435,1.21442,1.21565
2012-07-20T21:00:00,234263,1.21565,1.238985,1.20424,1.23201
2012-07-27T21:00:00,220541,1.23201,1.24053,1.21338,1.23863
2012-08-03T21:00:00,176716,1.23863,1.24434,1.22414,1.22889
2012-08-10T21:00:00,229699,1.22889,1.238555,1.225615,1.23336
2012-08-17T21:00:00,188602,1.23336,1.25898,1.22954,1.25121
2012-08-24T21:00:00,165320,1.25121,1.263765,1.24654,1.2576
2012-08-31T21:00:00,196780,1.2576,1.28174,1.25018,1.28161
2012-09-07T21:00:00,221978,1.28161,1.31688,1.27553,1.31283
2012-09-14T21:00:00,215639,1.31283,1.3172,1.29193,1.29799
2012-09-21T21:00:00,209754,1.29799,1.299055,1.28288,1.28579
2012-09-28T21:00:00,194086,1.28579,1.30715,1.2804,1.30389
2012-10-05T21:00:00,174857,1.30389,1.30389,1.28254,1.29529
2012-10-12T21:00:00,175777,1.29529,1.31394,1.28913,1.30244
2012-10-19T21:00:00,176518,1.30244,1.30834,1.288275,1.29371
2012-10-26T21:00:00,145984,1.29371,1.30205,1.28213,1.28375
2012-11-02T21:00:00,203331,1.28375,1.28766,1.26902,1.27135
2012-11-09T22:00:00,173394,1.27135,1.28021,1.26617,1.27427
2012-11-16T22:00:00,164301,1.274415,1.29912,1.273665,1.29755
2012-11-23T22:00:00,173286,1.29755,1.302765,1.28803,1.29851
2012-11-30T22:00:00,165680,1.29851,1.312675,1.28763,1.29269
2012-12-07T22:00:00,174176,1.29269,1.317355,1.28857,1.3163
2012-12-14T22:00:00,285734,1.31724,1.330795,1.31441,1.31881
2012-12-21T22:00:00,154687,1.31809,1.32838,1.31659,1.32166
2012-12-28T22:00:00,260096,1.321175,1.329945,1.29976,1.306885
2013-01-04T22:00:00,329032,1.306885,1.3366,1.301665,1.33427
2013-01-11T22:00:00,382569,1.33427,1.340405,1.325665,1.332015
2013-01-18T22:00:00,339199,1.332015,1.347925,1.32644,1.346345
2013-01-25T22:00:00,356850,1.34515,1.371095,1.341455,1.36404
2013-02-01T22:00:00,390192,1.36404,1.366005,1.33533,1.336565
2013-02-08T22:00:00,706994,1.336565,1.352015,1.33064,1.336065
2013-02-15T22:00:00,678896,1.336065,1.34342,1.31451,1.319095
2013-02-22T22:00:00,1077941,1.32175,1.331905,1.29666,1.302005
2013-03-01T22:00:00,751496,1.302005,1.31345,1.295515,1.30047
2013-03-08T22:00:00,881935,1.30047,1.310735,1.291155,1.30755
2013-03-15T21:00:00,1082207,1.30755,1.30755,1.28435,1.29878
2013-03-22T21:00:00,519594,1.29879,1.304825,1.275095,1.28185
2013-03-29T21:00:00,484528,1.280555,1.304,1.27453,1.299115
2013-04-05T21:00:00,471787,1.29736,1.313845,1.296835,1.311205
2013-04-12T21:00:00,600604,1.3112,1.32016,1.300125,1.305195
2013-04-19T21:00:00,484056,1.307615,1.30935,1.29543,1.303035
2013-04-26T21:00:00,479175,1.304895,1.324285,1.303185,1.311465
2013-05-03T21:00:00,419299,1.3123,1.31942,1.29355,1.29901
2013-05-10T21:00:00,502929,1.297025,1.30293,1.27964,1.28388
2013-05-17T21:00:00,560733,1.284265,1.299815,1.281945,1.293195
2013-05-24T21:00:00,494886,1.29345,1.30614,1.28379,1.29973
2013-05-31T21:00:00,630548,1.29939,1.330635,1.295545,1.321835
2013-06-07T21:00:00,579846,1.3192,1.339015,1.31777,1.334605
2013-06-14T21:00:00,542150,1.334825,1.341745,1.30987,1.312155
2013-06-21T21:00:00,498976,1.30922,1.31508,1.298475,1.30101
2013-06-28T21:00:00,419595,1.30162,1.307815,1.280625,1.283
2013-07-05T21:00:00,528973,1.28116,1.320735,1.27553,1.30676
2013-07-12T21:00:00,406816,1.307795,1.31786,1.29934,1.314265
2013-07-19T21:00:00,372214,1.313885,1.329695,1.313635,1.327915
2013-07-26T21:00:00,435272,1.32859,1.33452,1.31891,1.328105
2013-08-02T21:00:00,340657,1.32829,1.340065,1.323275,1.33416
2013-08-09T21:00:00,354465,1.332115,1.338,1.320545,1.332785
2013-08-16T21:00:00,364366,1.33353,1.3452,1.32984,1.33822
2013-08-23T21:00:00,320445,1.33854,1.339875,1.317325,1.322105
2013-08-30T21:00:00,306406,1.32143,1.322735,1.310495,1.318045
2013-09-06T21:00:00,287252,1.31631,1.3325,1.31618,1.32958
2013-09-13T21:00:00,327532,1.33553,1.356875,1.332525,1.35251
2013-09-20T21:00:00,269289,1.3549,1.356455,1.34619,1.35228
2013-09-27T21:00:00,317766,1.35221,1.364635,1.34778,1.355735
2013-10-04T21:00:00,286591,1.35646,1.36072,1.34856,1.35424
2013-10-11T21:00:00,333538,1.35605,1.370435,1.347265,1.368605
2013-10-18T21:00:00,313063,1.368345,1.38327,1.365105,1.38032
2013-10-25T21:00:00,381352,1.38077,1.38178,1.347995,1.34868
2013-11-01T21:00:00,419934,1.34868,1.35477,1.329495,1.33693
2013-11-08T22:00:00,371086,1.33587,1.350595,1.3345,1.34961
2013-11-15T22:00:00,396685,1.349675,1.357985,1.339925,1.355795
2013-11-22T22:00:00,311672,1.35493,1.362185,1.349015,1.359115
2013-11-29T22:00:00,407247,1.358915,1.37066,1.35244,1.37062
2013-12-06T22:00:00,319412,1.371445,1.381085,1.369435,1.37432
2013-12-13T22:00:00,378869,1.37301,1.381185,1.3625,1.367375
2013-12-20T22:00:00,196585,1.367375,1.389425,1.36551,1.37497
2013-12-27T22:00:00,272197,1.37586,1.38192,1.35825,1.358885
2014-01-03T22:00:00,385198,1.359365,1.36874,1.354845,1.36702
2014-01-10T22:00:00,328178,1.367955,1.369955,1.35173,1.354135
2014-01-17T22:00:00,348857,1.353815,1.37398,1.350765,1.367835
2014-01-24T22:00:00,397218,1.36786,1.37169,1.347905,1.34854
2014-01-31T22:00:00,433384,1.348295,1.36453,1.34769,1.363505
2014-02-07T22:00:00,294882,1.361615,1.3715,1.35623,1.36922
2014-02-14T22:00:00,247342,1.37092,1.377335,1.36852,1.37393
2014-02-21T22:00:00,295959,1.373515,1.382495,1.36432,1.380275
2014-02-28T22:00:00,336078,1.37609,1.391535,1.370735,1.387845
2014-03-07T22:00:00,293119,1.387565,1.39668,1.383385,1.391125
2014-03-14T21:00:00,293516,1.39093,1.39477,1.37492,1.379225
2014-03-21T21:00:00,320538,1.379785,1.38761,1.370505,1.37521
2014-03-28T21:00:00,321224,1.376325,1.382055,1.367285,1.370475
2014-04-04T21:00:00,281854,1.36983,1.390575,1.369635,1.388465
2014-04-11T21:00:00,230696,1.38429,1.38648,1.379045,1.38105
2014-04-18T21:00:00,209619,1.381315,1.38546,1.3785,1.383245
2014-04-25T21:00:00,233839,1.38457,1.38894,1.377445,1.387395
2014-05-02T21:00:00,248909,1.388505,1.399365,1.374525,1.37609
2014-05-09T21:00:00,250461,1.375375,1.377495,1.364855,1.369375
2014-05-16T21:00:00,215034,1.36926,1.373435,1.361575,1.363005
2014-05-23T21:00:00,194997,1.36238,1.366865,1.358625,1.363255
2014-05-30T21:00:00,291931,1.363755,1.36772,1.350335,1.36438
2014-06-06T21:00:00,225669,1.36434,1.366915,1.35123,1.35421
2014-06-13T21:00:00,197903,1.354245,1.36437,1.351305,1.359965
2014-06-20T21:00:00,171967,1.358975,1.365115,1.35741,1.364805
2014-06-27T21:00:00,167524,1.36436,1.370065,1.358565,1.35951
2014-07-04T21:00:00,146523,1.35952,1.365065,1.35762,1.360835
2014-07-11T21:00:00,170910,1.360005,1.36405,1.3491,1.352345
2014-07-18T21:00:00,169995,1.35279,1.35491,1.342135,1.34305
2014-07-25T21:00:00,170636,1.34312,1.344475,1.33671,1.34309
2014-08-01T21:00:00,177467,1.34303,1.34333,1.333315,1.341225
2014-08-08T21:00:00,51101,1.340955,1.34152,1.33361,1.34004
2014-08-15T21:00:00,58270,1.33916,1.33992,1.32209,1.32427
2014-08-22T21:00:00,57176,1.3196,1.32208,1.313195,1.313265
2014-08-29T21:00:00,68475,1.312825,1.316005,1.29202,1.295145
2014-09-05T21:00:00,82388,1.295755,1.297925,1.285945,1.296325
2014-09-12T21:00:00,103816,1.29734,1.299515,1.282835,1.282945
2014-09-19T21:00:00,87923,1.283375,1.29016,1.26771,1.26854
2014-09-26T21:00:00,134856,1.26841,1.27151,1.25006,1.251335
2014-10-03T21:00:00,161472,1.251255,1.27915,1.250875,1.26302
2014-10-10T21:00:00,209282,1.263085,1.288645,1.26206,1.27586
2014-10-17T21:00:00,122376,1.275085,1.28403,1.261385,1.267075
2014-10-24T21:00:00,189503,1.26769,1.27707,1.248585,1.252455
2014-10-31T21:00:00,259646,1.250775,1.25774,1.23582,1.245515
2014-11-07T22:00:00,175460,1.24725,1.254645,1.239455,1.25246
2014-11-14T22:00:00,150531,1.253235,1.260015,1.237505,1.239125
2014-11-21T22:00:00,104044,1.236305,1.253155,1.23621,1.245095
2014-11-28T22:00:00,154647,1.246395,1.25068,1.227095,1.228695
2014-12-05T22:00:00,169112,1.2289,1.249515,1.224735,1.2461
2014-12-12T22:00:00,208375,1.24754,1.256965,1.222045,1.222785
2014-12-19T22:00:00,52430,1.222315,1.22727,1.216475,1.217955
2014-12-26T22:00:00,69653,1.21806,1.22211,1.2001,1.200195
2015-01-02T22:00:00,164500,1.195495,1.19764,1.17543,1.184125
2015-01-09T22:00:00,283648,1.18486,1.18711,1.14601,1.15679
2015-01-16T22:00:00,242266,1.155255,1.16804,1.111435,1.12039
2015-01-23T22:00:00,243556,1.115295,1.14229,1.109825,1.12853
2015-01-30T22:00:00,212991,1.13121,1.153425,1.12926,1.131695
2015-02-06T22:00:00,168436,1.129675,1.14433,1.127045,1.13915
2015-02-13T22:00:00,168998,1.13999,1.14501,1.127915,1.137865
2015-02-20T22:00:00,157098,1.139445,1.13967,1.117605,1.119675
2015-02-27T22:00:00,153396,1.118265,1.12405,1.0841,1.08434
2015-03-06T22:00:00,225781,1.08329,1.09064,1.046245,1.0496
2015-03-13T21:00:00,293116,1.04704,1.10515,1.046985,1.08216
2015-03-20T21:00:00,288874,1.0841,1.105265,1.07675,1.089065
2015-03-27T21:00:00,194482,1.088675,1.10271,1.071325,1.09723
2015-04-03T21:00:00,186649,1.10038,1.103565,1.05678,1.06018
2015-04-10T21:00:00,280638,1.058745,1.08488,1.05205,1.08068
2015-04-17T21:00:00,221103,1.08214,1.090015,1.06599,1.08748
2015-04-24T21:00:00,265128,1.086515,1.129075,1.081945,1.119745
2015-05-01T21:00:00,264239,1.119545,1.1392,1.10663,1.12032
2015-05-08T21:00:00,225679,1.119815,1.146695,1.1131,1.144735
2015-05-15T21:00:00,240501,1.144835,1.145025,1.100215,1.10128
2015-05-22T21:00:00,214200,1.100325,1.101025,1.08191,1.099075
2015-05-29T21:00:00,290697,1.09807,1.137995,1.08873,1.111385
2015-06-05T21:00:00,277086,1.10979,1.138655,1.108435,1.12681
2015-06-12T21:00:00,217553,1.121195,1.14363,1.11893,1.134985
2015-06-19T21:00:00,191452,1.137705,1.141035,1.113015,1.11732
2015-06-26T21:00:00,216973,1.10061,1.12784,1.095465,1.11137
2015-07-03T21:00:00,234126,1.099095,1.12159,1.09164,1.11552
2015-07-10T21:00:00,190921,1.109515,1.119715,1.082855,1.082975
2015-07-17T21:00:00,151439,1.083125,1.10182,1.080875,1.09823
2015-07-24T21:00:00,178947,1.098335,1.112995,1.08934,1.098495
2015-07-31T21:00:00,153147,1.097275,1.09963,1.084825,1.096615
2015-08-07T21:00:00,173633,1.096575,1.12139,1.092535,1.11094
2015-08-14T21:00:00,164587,1.11197,1.138865,1.101745,1.138695
2015-08-21T21:00:00,389529,1.137715,1.17142,1.115605,1.118415
2015-08-28T21:00:00,212370,1.118415,1.133235,1.10874,1.11489
2015-09-04T21:00:00,162574,1.116325,1.134945,1.11216,1.133805
2015-09-11T21:00:00,166483,1.133235,1.14602,1.1214,1.130055
2015-09-18T21:00:00,174404,1.128405,1.133035,1.110545,1.119795
2015-09-25T21:00:00,177213,1.11858,1.131835,1.1135,1.121115
2015-10-02T21:00:00,150939,1.12207,1.13872,1.11722,1.13586
2015-10-09T21:00:00,129398,1.13634,1.149525,1.13344,1.13487
2015-10-16T21:00:00,146671,1.136065,1.13868,1.099665,1.10174
2015-10-23T21:00:00,160266,1.10015,1.109595,1.08971,1.10063
2015-10-30T21:00:00,146241,1.1036,1.105265,1.070725,1.074005
2015-11-06T22:00:00,159921,1.072985,1.08317,1.067445,1.07724
2015-11-13T22:00:00,140978,1.07419,1.07639,1.06173,1.0646
2015-11-20T22:00:00,119868,1.064005,1.06895,1.05667,1.059195
2015-11-27T22:00:00,218169,1.059015,1.09813,1.05237,1.08823
2015-12-04T22:00:00,170403,1.08748,1.10431,1.079625,1.09913
2015-12-11T22:00:00,213584,1.09855,1.10598,1.080255,1.08657
2015-12-18T22:00:00,83703,1.0856,1.09842,1.084785,1.09638
2015-12-25T22:00:00,63848,1.09638,1.099265,1.085305,1.086995
2016-01-01T22:00:00,208562,1.08743,1.09464,1.071065,1.09263
2016-01-08T22:00:00,186499,1.09199,1.098465,1.0805,1.09153
2016-01-15T22:00:00,191248,1.09233,1.097605,1.07778,1.07983
2016-01-22T22:00:00,162694,1.079305,1.096775,1.078735,1.083095
2016-01-29T22:00:00,210436,1.083255,1.12476,1.08148,1.11572
2016-02-05T22:00:00,318681,1.114335,1.137665,1.10867,1.12559
2016-02-12T22:00:00,160405,1.12472,1.12472,1.106675,1.11303
2016-02-19T22:00:00,160197,1.1111,1.11249,1.091195,1.09321
2016-02-26T22:00:00,164139,1.09145,1.104355,1.082565,1.10049
2016-03-04T22:00:00,207181,1.09904,1.12182,1.08223,1.11488
2016-03-11T22:00:00,167836,1.11387,1.13424,1.105775,1.127105
2016-03-18T21:00:00,101759,1.12608,1.128475,1.11446,1.11673
2016-03-25T21:00:00,151853,1.11659,1.14381,1.11531,1.13917
2016-04-01T21:00:00,154332,1.140135,1.145425,1.132725,1.13979
2016-04-08T21:00:00,137136,1.141745,1.1465,1.12341,1.128365
2016-04-15T21:00:00,133910,1.13028,1.139895,1.121825,1.12245
2016-04-22T21:00:00,148300,1.12182,1.145925,1.12182,1.14497
2016-04-29T21:00:00,144863,1.146165,1.161645,1.13861,1.140445
2016-05-06T21:00:00,107360,1.139595,1.144675,1.1283,1.13081
2016-05-13T21:00:00,100898,1.131165,1.134905,1.11801,1.122315
2016-05-20T21:00:00,99200,1.12082,1.12434,1.111125,1.111295
2016-05-27T21:00:00,121278,1.111345,1.137395,1.1098,1.136675
2016-06-03T21:00:00,115232,1.13561,1.141575,1.12453,1.125135
2016-06-10T21:00:00,156865,1.12509,1.13029,1.11309,1.127645
2016-06-17T21:00:00,346958,1.13318,1.14282,1.09117,1.11082
2016-06-24T21:00:00,232331,1.10125,1.11694,1.097095,1.11384
2016-07-01T21:00:00,143399,1.113055,1.118675,1.100235,1.105025
2016-07-08T21:00:00,143747,1.10502,1.116495,1.101565,1.10339
2016-07-15T21:00:00,128645,1.10493,1.108435,1.09556,1.09774
2016-07-22T21:00:00,116970,1.097455,1.11975,1.09523,1.11746
2016-07-29T21:00:00,84569,1.11748,1.12338,1.104585,1.108725
2016-08-05T21:00:00,70729,1.10809,1.12214,1.10707,1.11621
2016-08-12T21:00:00,101422,1.116915,1.136635,1.11535,1.13254
2016-08-19T21:00:00,102785,1.13098,1.13555,1.118065,1.119665
2016-08-26T21:00:00,107873,1.117735,1.12522,1.11233,1.115535
2016-09-02T21:00:00,101392,1.11572,1.13272,1.11393,1.12323
2016-09-09T21:00:00,119532,1.12366,1.12841,1.11496,1.11574
2016-09-16T21:00:00,99809,1.115245,1.125725,1.112325,1.12254
2016-09-23T21:00:00,98158,1.12299,1.127925,1.11535,1.12425
2016-09-30T21:00:00,121787,1.12305,1.12447,1.110455,1.12013
2016-10-07T21:00:00,109617,1.11794,1.120455,1.09705,1.09712
2016-10-14T21:00:00,89263,1.09712,1.10392,1.08592,1.08849
2016-10-21T21:00:00,96428,1.08849,1.09919,1.08511,1.09875
2016-10-28T21:00:00,105191,1.09875,1.11416,1.09359,1.11404
2016-11-4T21:00:00,257422,1.11404,1.12998,1.08307,1.08563
2016-11-11T21:00:00,207280,1.08563,1.08563,1.05692,1.05895
2016-11-18T21:00:00,167703,1.05895,1.0658,1.05181,1.05933
2016-11-25T21:00:00,167726,1.05933,1.06901,1.05528,1.06665
2016-12-2T21:00:00,192666,1.06665,1.08745,1.05057,1.05611
